Flight_ID,Flight_Price
0,625.9248
1,906.5167
2,568.7389
3,547.90265
4,655.1385
5,550.18286
6,472.58286
7,873.2698
8,643.89197
9,332.38376
10,654.9698
11,649.55554
12,777.9616
13,651.3916
14,478.8527
15,720.79596
16,469.63705
17,465.87634
18,461.3342
19,756.51416
20,335.59976
21,892.12744
22,907.82434
23,849.2291
24,622.0348
25,316.3179
26,599.9617
27,577.3518
28,574.0566
29,558.1463
30,579.79114
31,386.66006
32,438.0676
33,729.6051
34,899.15375
35,678.0184
36,986.9031
37,399.45023
38,424.99557
39,869.7071
40,485.82382
41,405.21774
42,577.6859
43,600.24567
44,561.8865
45,648.3842
46,506.36597
47,579.82654
48,551.0517
49,637.7018
50,759.2319
51,407.33417
52,861.9008
53,668.384
54,738.80835
55,314.70395
56,467.9486
57,618.8821
58,641.7979
59,300.24997
60,510.32742
61,594.43854
62,693.37854
63,765.6099
64,585.1711
65,610.6122
66,682.3331
67,382.21777
68,303.78476
69,931.74164
70,467.87573
71,799.6123
72,618.6538
73,973.94385
74,545.3358
75,840.8616
76,699.2213
77,618.75397
78,399.94315
79,619.03436
80,758.9494
81,512.2644
82,578.8326
83,706.6647
84,495.64145
85,389.852
86,400.15393
87,674.3425
88,576.0683
89,567.5484
90,418.2147
91,686.3006
92,786.18036
93,538.24945
94,607.1963
95,646.99884
96,783.32855
97,696.4429
98,596.87714
99,437.11682
100,757.0224
101,754.6329
102,987.4496
103,766.3779
104,587.4084
105,701.3469
106,645.85114
107,724.1708
108,408.01917
109,864.5391
110,549.1052
111,608.2205
112,624.40497
113,756.51746
114,656.7353
115,500.9065
116,456.89075
117,428.7438
118,350.01166
119,404.2764
120,470.61642
121,897.26
122,1040.1486
123,639.2118
124,559.88605
125,682.1682
126,329.9121
127,398.20285
128,691.1722
129,747.3069
130,295.50992
131,646.14154
132,739.8963
133,423.46307
134,473.7384
135,647.40063
136,726.7633
137,379.95218
138,701.87775
139,535.35913
140,216.11635
141,578.2641
142,329.9702
143,719.76514
144,492.70984
145,635.11255
146,763.58826
147,708.7594
148,694.0251
149,475.52866
150,361.69772
151,704.4246
152,698.152
153,279.34238
154,496.2194
155,475.55518
156,504.18698
157,621.913
158,386.3656
159,627.71924
160,459.07455
161,605.7921
162,719.38574
163,380.3708
164,700.299
165,433.78513
166,262.9425
167,604.8053
168,615.6773
169,435.94815
170,434.97974
171,556.9665
172,462.10754
173,358.6258
174,672.8643
175,466.5007
176,608.92065
177,463.65558
178,517.4246
179,744.17584
180,808.1827
181,897.586
182,770.0434
183,724.7443
184,400.12088
185,588.0662
186,486.23132
187,466.9024
188,728.7219
189,611.84973
190,419.52292
191,704.8232
192,449.5414
193,385.02954
194,801.6942
195,324.70187
196,481.65967
197,601.9373
198,310.14355
199,741.97736
200,701.43225
201,858.76666
202,469.3612
203,303.0161
204,408.2324
205,620.45807
206,620.25714
207,651.91473
208,785.71014
209,539.76697
210,638.0576
211,411.45956
212,363.00504
213,409.6837
214,543.9278
215,530.1022
216,611.41614
217,486.7251
218,392.52512
219,703.784
220,567.16235
221,383.31473
222,533.12885
223,756.84155
224,611.1412
225,265.8412
226,426.79987
227,625.21234
228,586.54877
229,692.12146
230,339.14618
231,668.0859
232,624.1398
233,412.05655
234,297.3825
235,608.21313
236,636.4901
237,475.33487
238,453.12006
239,415.83188
240,506.53888
241,434.00128
242,805.3954
243,371.13943
244,753.555
245,342.1309
246,627.95636
247,599.2745
248,678.3836
249,758.98395
250,555.9161
251,678.6302
252,377.2426
253,548.68726
254,396.70346
255,665.13153
256,810.92596
257,926.33765
258,437.90082
259,663.0457
260,551.4973
261,621.55237
262,700.6704
263,622.05566
264,506.86066
265,483.71826
266,246.35461
267,399.21747
268,411.36517
269,459.44342
270,550.1179
271,392.80237
272,506.30777
273,629.5995
274,599.8527
275,378.2998
276,903.11694
277,540.8653
278,677.57965
279,625.01495
280,377.62384
281,684.5451
282,533.19165
283,561.02765
284,686.6462
285,389.9579
286,719.488
287,701.4302
288,614.9953
289,484.72263
290,572.20166
291,632.4291
292,441.76538
293,685.22156
294,677.85706
295,371.75565
296,549.2601
297,1012.4219
298,436.85443
299,351.2084
300,430.84985
301,720.99384
302,462.1745
303,391.44513
304,671.60925
305,462.94998
306,825.1038
307,514.42206
308,474.67838
309,541.2172
310,1096.0559
311,287.1898
312,767.4023
313,666.4585
314,569.2323
315,326.9619
316,799.8876
317,735.7391
318,862.2782
319,636.7537
320,480.21457
321,520.84906
322,604.9216
323,349.9081
324,510.2421
325,761.0391
326,600.5262
327,585.17596
328,589.1259
329,382.37094
330,578.8215
331,685.417
332,655.5442
333,435.97974
334,885.9683
335,550.349
336,520.8939
337,488.6079
338,660.8804
339,401.26675
340,510.8599
341,853.9303
342,469.90973
343,570.5714
344,524.0937
345,396.68793
346,935.247
347,289.59802
348,267.9492
349,457.7545
350,856.98376
351,405.86304
352,655.4864
353,585.0402
354,408.18994
355,651.5379
356,500.6533
357,480.7288
358,457.1446
359,831.6498
360,426.87857
361,381.24002
362,562.9543
363,743.1109
364,393.0431
365,337.90042
366,887.55945
367,416.3926
368,631.2966
369,607.6375
370,663.8682
371,501.44064
372,582.4248
373,623.3815
374,606.9596
375,541.7426
376,630.66547
377,445.56458
378,534.01324
379,635.40106
380,323.68567
381,872.87146
382,635.3674
383,826.28784
384,661.51855
385,590.8333
386,532.3929
387,590.6421
388,366.4071
389,478.1737
390,365.23517
391,546.3241
392,650.6113
393,699.6956
394,542.37213
395,562.8943
396,669.51874
397,767.1161
398,559.5104
399,620.0861
400,436.58218
401,644.57855
402,567.11456
403,423.7642
404,589.153
405,915.0323
406,664.0523
407,627.4831
408,545.9912
409,951.65094
410,699.3652
411,674.2657
412,359.32224
413,645.254
414,592.53876
415,642.6257
416,400.35693
417,525.10846
418,890.83374
419,768.88586
420,608.3511
421,431.5178
422,468.2579
423,578.1779
424,511.28928
425,465.55585
426,899.84973
427,364.5447
428,529.0769
429,651.9584
430,507.1062
431,260.69125
432,601.17645
433,437.7339
434,528.5512
435,706.7297
436,341.4022
437,517.8841
438,439.95117
439,856.8421
440,682.65234
441,638.5009
442,737.9733
443,973.06366
444,477.10486
445,886.6711
446,567.2199
447,496.02914
448,689.7174
449,525.2405
450,458.5358
451,353.00604
452,1080.1925
453,337.30646
454,468.65787
455,663.2687
456,517.8811
457,612.16296
458,378.57837
459,496.81445
460,806.53406
461,631.40375
462,697.37897
463,451.16702
464,556.7781
465,496.48328
466,417.2075
467,437.11
468,650.0673
469,654.386
470,702.0682
471,658.92926
472,533.52576
473,388.67355
474,754.8057
475,1041.2009
476,462.23663
477,593.16425
478,385.33017
479,345.3609
480,465.72684
481,716.3675
482,569.9403
483,511.6908
484,855.7633
485,581.5718
486,618.9508
487,337.47223
488,589.1416
489,372.1656
490,504.07645
491,585.1712
492,475.71024
493,452.98325
494,453.1025
495,682.6553
496,496.31375
497,601.61304
498,750.6242
499,361.37695
500,283.9992
501,621.4933
502,432.91095
503,509.22687
504,581.0207
505,395.68225
506,529.0137
507,315.01312
508,508.91296
509,466.7899
510,875.382
511,519.92883
512,658.0044
513,454.32483
514,571.4485
515,518.68207
516,684.3123
517,663.33594
518,296.05154
519,378.92477
520,717.6617
521,744.4843
522,814.26416
523,724.8358
524,351.253
525,584.73376
526,632.41235
527,727.07513
528,684.3661
529,305.02066
530,402.79684
531,589.9512
532,713.5516
533,478.0004
534,652.17993
535,689.3765
536,394.78754
537,543.91455
538,604.0901
539,425.87762
540,541.579
541,482.925
542,760.85736
543,617.8729
544,500.01627
545,685.00543
546,374.20374
547,759.84686
548,243.55078
549,409.1262
550,358.92706
551,706.2727
552,628.0019
553,292.13593
554,828.0384
555,471.3355
556,716.77826
557,648.1302
558,638.2445
559,708.45245
560,409.37823
561,713.56604
562,995.52484
563,835.0671
564,395.61075
565,414.13684
566,826.6205
567,361.15393
568,680.64185
569,404.63275
570,417.82227
571,829.2858
572,590.4774
573,654.731
574,509.0741
575,532.6831
576,328.51093
577,530.65546
578,558.07684
579,602.2228
580,408.675
581,963.30023
582,472.73495
583,744.9515
584,422.3386
585,516.2313
586,525.5043
587,863.22736
588,707.898
589,651.7446
590,624.88306
591,916.134
592,971.1672
593,572.8454
594,675.06744
595,567.6554
596,824.69214
597,470.98105
598,260.14734
599,594.6959
600,549.08215
601,504.6093
602,839.82776
603,650.86993
604,580.62396
605,472.82196
606,810.4379
607,425.8829
608,345.13058
609,497.1001
610,861.93604
611,381.18774
612,340.70184
613,973.14276
614,608.0686
615,555.16284
616,915.5924
617,713.7024
618,494.13477
619,351.00708
620,649.06775
621,732.7658
622,680.63196
623,501.8007
624,548.6195
625,616.9414
626,508.41946
627,921.3517
628,350.39932
629,465.3886
630,719.0551
631,575.9142
632,631.77295
633,379.61713
634,667.8058
635,414.24765
636,404.31073
637,352.56732
638,681.1954
639,615.64526
640,471.28867
641,600.5491
642,284.76437
643,350.004
644,708.3815
645,461.28397
646,550.2145
647,701.74414
648,1087.779
649,529.7941
650,473.39774
651,526.85583
652,295.35825
653,536.1197
654,564.42426
655,862.51697
656,777.95435
657,728.544
658,727.1839
659,472.98892
660,438.6167
661,324.30215
662,676.26086
663,413.07373
664,661.1191
665,840.96533
666,601.0735
667,447.0211
668,609.6239
669,347.98444
670,545.68353
671,435.37903
672,507.39243
673,355.21625
674,432.20334
675,321.33136
676,543.37036
677,841.57416
678,562.62274
679,468.31647
680,603.6731
681,557.501
682,386.3012
683,768.50745
684,503.2131
685,684.2782
686,547.57574
687,572.02893
688,551.23804
689,463.81152
690,450.9335
691,707.2592
692,362.44052
693,761.3365
694,700.82135
695,439.17462
696,399.96585
697,524.3582
698,683.7589
699,386.91898
700,365.681
701,704.9102
702,691.02136
703,466.2565
704,848.3824
705,690.7319
706,356.474
707,507.30984
708,457.59323
709,348.99088
710,899.5956
711,580.43933
712,462.94278
713,600.37744
714,305.04974
715,591.78296
716,521.4958
717,450.6563
718,658.0474
719,546.1994
720,737.96594
721,690.65045
722,559.9215
723,892.6276
724,343.8101
725,282.4042
726,491.59027
727,666.5997
728,545.6848
729,710.0145
730,553.303
731,438.0152
732,559.5915
733,470.0379
734,468.0502
735,660.3345
736,734.3379
737,638.145
738,629.8935
739,596.4752
740,419.67264
741,524.849
742,520.636
743,561.6443
744,599.81323
745,576.0013
746,385.7316
747,584.03876
748,683.8154
749,571.7265
750,375.74945
751,719.85693
752,471.1604
753,468.35294
754,377.2421
755,431.0478
756,627.3802
757,782.9446
758,428.914
759,824.0499
760,474.08124
761,538.1326
762,635.86536
763,632.026
764,580.81036
765,645.3877
766,624.7817
767,425.91464
768,643.92413
769,655.4941
770,349.50677
771,275.2083
772,354.7946
773,622.8803
774,568.1888
775,398.62823
776,618.0852
777,800.81116
778,761.22577
779,545.01196
780,659.07605
781,388.64334
782,399.19724
783,410.49808
784,247.3868
785,607.0617
786,637.1688
787,559.8231
788,610.499
789,650.2346
790,427.57535
791,270.043
792,347.19702
793,458.75662
794,585.7887
795,627.6188
796,374.68796
797,570.58527
798,450.3747
799,525.26306
800,579.29224
801,415.33334
802,398.4845
803,474.31073
804,640.70276
805,671.87506
806,569.91284
807,699.06244
808,394.29187
809,645.04517
810,544.5307
811,397.14902
812,386.79886
813,580.2431
814,847.4168
815,644.75323
816,397.41724
817,547.82855
818,509.7368
819,564.6138
820,506.00488
821,410.26776
822,515.63715
823,601.1129
824,660.79706
825,597.4069
826,763.2349
827,638.1351
828,644.0003
829,715.58594
830,672.6676
831,1009.2956
832,562.7757
833,626.2138
834,451.38165
835,679.1861
836,362.47287
837,381.64304
838,395.638
839,817.0175
840,441.64014
841,406.0158
842,379.67502
843,507.717
844,389.83997
845,722.7407
846,593.92804
847,561.0242
848,374.50742
849,692.7244
850,506.2989
851,723.3551
852,639.3719
853,538.0695
854,271.2794
855,868.9742
856,786.6284
857,605.89905
858,295.34717
859,657.2503
860,742.61456
861,420.44513
862,566.7663
863,667.8082
864,845.79016
865,299.32266
866,355.9217
867,696.9834
868,434.30695
869,453.5065
870,762.7976
871,524.52094
872,368.14328
873,534.3249
874,324.58237
875,343.93805
876,437.8739
877,731.7449
878,574.106
879,816.1302
880,790.57275
881,1048.8048
882,586.31573
883,547.54974
884,883.9716
885,608.3669
886,644.84106
887,495.43393
888,408.86823
889,262.28488
890,382.12912
891,750.92126
892,544.66425
893,594.7097
894,420.58398
895,339.52393
896,802.217
897,1031.6005
898,354.86664
899,634.5394
900,475.84775
901,621.45984
902,330.09747
903,779.0029
904,428.1621
905,464.0193
906,565.6748
907,442.6877
908,515.7557
909,380.6816
910,556.61426
911,702.2319
912,529.39624
913,437.49252
914,445.71158
915,771.01447
916,513.2876
917,706.5098
918,464.06644
919,699.4083
920,564.4139
921,509.23428
922,475.6093
923,648.0141
924,574.4213
925,621.1669
926,758.1123
927,440.3468
928,467.50107
929,475.7365
930,756.94696
931,425.93628
932,784.3813
933,605.69305
934,296.71375
935,648.9841
936,633.0522
937,776.1835
938,680.64655
939,844.75543
940,575.30194
941,561.6559
942,535.9724
943,379.0256
944,637.368
945,636.7437
946,538.6884
947,852.33136
948,474.4991
949,480.70972
950,490.69174
951,567.71155
952,499.485
953,597.0309
954,517.92255
955,661.2093
956,427.33118
957,746.5759
958,442.35437
959,714.27203
960,727.018
961,448.39478
962,960.00354
963,608.4405
964,505.21838
965,388.5681
966,613.74927
967,375.30847
968,387.026
969,468.96295
970,520.74567
971,571.4691
972,629.09576
973,631.48517
974,450.77383
975,669.4226
976,635.3083
977,481.99518
978,545.05597
979,708.40045
980,620.95575
981,524.00433
982,393.34918
983,684.48346
984,436.93875
985,386.35693
986,505.77762
987,597.64655
988,660.24615
989,613.2101
990,607.2534
991,888.3848
992,956.99286
993,505.16272
994,457.6364
995,755.4412
996,570.0547
997,861.91144
998,430.38953
999,824.1216
1000,885.8579
1001,720.96326
1002,416.3612
1003,340.31036
1004,552.81525
1005,641.36194
1006,489.74792
1007,617.639
1008,415.9354
1009,692.38324
1010,490.46277
1011,718.6748
1012,537.95355
1013,693.5086
1014,761.0232
1015,656.11334
1016,510.80286
1017,461.57468
1018,452.32715
1019,649.55115
1020,795.59686
1021,334.19916
1022,530.9666
1023,400.06015
1024,459.23267
1025,532.31134
1026,606.94836
1027,769.38605
1028,728.43994
1029,418.77573
1030,562.7836
1031,418.8202
1032,776.44086
1033,611.2132
1034,806.9134
1035,633.6357
1036,447.01212
1037,406.9672
1038,402.55142
1039,679.7599
1040,292.92502
1041,544.51276
1042,455.68185
1043,524.2265
1044,781.93365
1045,395.0989
1046,578.88135
1047,398.03058
1048,629.17584
1049,407.6708
1050,825.6574
1051,659.26483
1052,504.33133
1053,699.7905
1054,481.73236
1055,256.87683
1056,634.71954
1057,745.15924
1058,750.7123
1059,674.3238
1060,384.2887
1061,739.274
1062,441.71463
1063,688.1008
1064,747.49634
1065,916.1533
1066,516.5641
1067,426.32172
1068,461.2312
1069,531.0185
1070,609.7461
1071,542.58527
1072,414.53067
1073,625.52045
1074,526.1388
1075,783.0998
1076,437.66702
1077,636.25336
1078,666.1834
1079,407.30637
1080,462.75336
1081,277.5635
1082,377.55194
1083,414.97235
1084,782.504
1085,336.49002
1086,400.5775
1087,958.4565
1088,611.6267
1089,657.40686
1090,593.99744
1091,480.04324
1092,791.7092
1093,652.7262
1094,476.78387
1095,481.47763
1096,385.71024
1097,527.6458
1098,473.97342
1099,719.1121
1100,866.1532
1101,597.9017
1102,570.0807
1103,404.95227
1104,675.2732
1105,266.8081
1106,390.39984
1107,497.51013
1108,626.6711
1109,715.8917
1110,452.37064
1111,592.3073
1112,339.53174
1113,670.8409
1114,702.08307
1115,540.9286
1116,261.9874
1117,396.21057
1118,562.90424
1119,654.3911
1120,518.2817
1121,703.4967
1122,536.501
1123,723.25024
1124,729.0271
1125,438.07016
1126,507.07248
1127,410.7059
1128,472.56628
1129,512.20013
1130,565.9363
1131,606.6298
1132,449.18118
1133,416.5991
1134,679.14484
1135,350.22983
1136,580.19336
1137,420.76172
1138,441.75714
1139,351.82364
1140,454.34332
1141,337.20172
1142,584.1988
1143,546.2079
1144,572.2654
1145,809.95074
1146,692.83624
1147,374.71613
1148,436.93472
1149,758.8015
1150,839.60944
1151,321.46005
1152,316.7517
1153,639.492
1154,552.21924
1155,364.66855
1156,439.32596
1157,544.8149
1158,750.5515
1159,546.5369
1160,938.4555
1161,761.6583
1162,379.40274
1163,617.50653
1164,485.5008
1165,773.9447
1166,558.9338
1167,549.07
1168,648.9008
1169,374.0833
1170,874.0935
1171,438.5768
1172,744.5179
1173,673.8738
1174,556.67096
1175,624.03033
1176,885.7533
1177,290.21686
1178,357.776
1179,748.51697
1180,427.7763
1181,703.028
1182,406.00342
1183,1027.743
1184,420.75146
1185,517.1181
1186,912.8433
1187,526.9012
1188,553.95026
1189,439.3611
1190,660.29535
1191,804.3976
1192,426.34442
1193,479.09714
1194,591.2472
1195,838.41394
1196,484.75204
1197,673.611
1198,482.81686
1199,700.76984
1200,685.96155
1201,734.5695
1202,427.94128
1203,392.85873
1204,676.9485
1205,668.81396
1206,640.9459
1207,392.36478
1208,502.93393
1209,615.72565
1210,524.99225
1211,671.0731
1212,479.81607
1213,620.61176
1214,438.22467
1215,358.74442
1216,648.5429
1217,659.3773
1218,773.25336
1219,791.71
1220,533.64014
1221,919.9794
1222,475.7381
1223,517.6598
1224,592.9018
1225,533.0987
1226,324.68643
1227,344.75775
1228,916.5507
1229,479.80923
1230,711.91547
1231,664.2321
1232,475.98215
1233,528.6178
1234,489.77255
1235,512.93555
1236,527.90485
1237,485.552
1238,616.3768
1239,512.2818
1240,434.20462
1241,664.5293
1242,301.8062
1243,421.07462
1244,381.22153
1245,594.64124
1246,685.9357
1247,495.38785
1248,746.05444
1249,624.87695
1250,433.47882
1251,488.50656
1252,393.606
1253,740.6015
1254,342.08716
1255,744.3036
1256,607.39856
1257,548.6857
1258,605.1498
1259,848.89246
1260,277.32867
1261,557.2746
1262,892.2461
1263,994.04645
1264,635.8
1265,669.02496
1266,348.1319
1267,512.36975
1268,402.17636
1269,461.08636
1270,545.9595
1271,629.2208
1272,430.1153
1273,497.0551
1274,744.9448
1275,532.046
1276,523.87024
1277,348.12958
1278,708.8236
1279,464.57532
1280,258.7986
1281,584.51385
1282,488.9298
1283,580.4728
1284,633.51483
1285,436.154
1286,696.6975
1287,554.8766
1288,832.18036
1289,433.62668
1290,520.24744
1291,832.5195
1292,488.06036
1293,467.35797
1294,389.77686
1295,598.07306
1296,606.5171
1297,545.13965
1298,488.51096
1299,564.04266
1300,645.6129
1301,602.57434
1302,513.2722
1303,554.689
1304,339.0398
1305,495.9765
1306,398.64264
1307,656.96906
1308,737.3815
1309,350.3061
1310,379.27826
1311,439.70093
1312,560.61804
1313,596.632
1314,394.4404
1315,560.71594
1316,593.6492
1317,651.4033
1318,372.24005
1319,765.90955
1320,357.75052
1321,769.54004
1322,537.6581
1323,303.36795
1324,582.1763
1325,388.0299
1326,561.84827
1327,715.03357
1328,411.5423
1329,474.99564
1330,596.7624
1331,941.65985
1332,679.27423
1333,455.4931
1334,744.0318
1335,529.1487
1336,400.0243
1337,328.72333
1338,710.5696
1339,538.25616
1340,741.30286
1341,844.3544
1342,305.81677
1343,672.5708
1344,471.9286
1345,557.94507
1346,651.27325
1347,434.32312
1348,628.0416
1349,319.12436
1350,540.3281
1351,509.78336
1352,393.62772
1353,621.61664
1354,586.6735
1355,632.6801
1356,559.80585
1357,439.10202
1358,238.69778
1359,691.48914
1360,513.2697
1361,446.64276
1362,469.34225
1363,674.4556
1364,337.7723
1365,427.43024
1366,707.8319
1367,468.41794
1368,752.41925
1369,521.46014
1370,493.186
1371,586.26117
1372,575.2337
1373,542.506
1374,578.2827
1375,891.3804
1376,700.4868
1377,285.32965
1378,594.13184
1379,519.41455
1380,607.3639
1381,673.7474
1382,541.9164
1383,478.22726
1384,535.81665
1385,533.7728
1386,501.4171
1387,686.9979
1388,588.34985
1389,701.34436
1390,431.91144
1391,735.2514
1392,644.6815
1393,563.276
1394,626.54913
1395,374.24966
1396,365.7119
1397,619.6056
1398,530.56445
1399,574.11896
1400,652.81396
1401,857.5489
1402,356.03497
1403,563.4032
1404,596.93005
1405,763.7816
1406,874.8211
1407,563.3717
1408,669.5395
1409,654.3112
1410,660.46313
1411,643.2651
1412,737.5037
1413,653.32275
1414,587.7652
1415,406.18314
1416,797.0996
1417,411.89178
1418,585.79755
1419,709.6649
1420,476.07263
1421,764.9636
1422,303.03937
1423,350.7627
1424,757.17194
1425,536.3472
1426,762.6268
1427,846.5514
1428,405.2617
1429,394.97614
1430,729.34766
1431,612.8991
1432,525.2842
1433,309.5566
1434,425.4078
1435,544.45154
1436,564.4878
1437,607.5321
1438,807.7429
1439,513.8816
1440,524.3621
1441,658.2709
1442,573.11365
1443,454.22824
1444,559.43353
1445,484.6707
1446,697.7071
1447,342.5758
1448,548.7381
1449,398.83398
1450,804.1582
1451,543.5504
1452,770.7104
1453,351.17953
1454,495.21927
1455,513.194
1456,490.91266
1457,428.4115
1458,764.7893
1459,393.38757
1460,726.7212
1461,487.38153
1462,1016.42474
1463,280.18576
1464,914.53436
1465,726.8235
1466,625.4404
1467,672.0571
1468,696.6704
1469,390.5266
1470,782.7761
1471,637.2112
1472,567.2403
1473,653.5906
1474,570.89813
1475,605.83685
1476,471.7286
1477,570.7131
1478,736.43555
1479,494.96548
1480,585.4557
1481,792.135
1482,558.421
1483,559.8135
1484,425.9658
1485,387.41644
1486,341.27454
1487,606.98865
1488,619.8182
1489,602.9699
1490,703.11957
1491,554.8827
1492,715.53564
1493,735.57733
1494,544.3889
1495,394.93256
1496,527.0623
1497,643.1861
1498,862.4644
1499,559.3125
1500,675.84955
1501,547.81775
1502,530.68164
1503,466.00467
1504,528.1696
1505,576.65576
1506,581.36224
1507,721.54565
1508,554.4626
1509,809.80566
1510,601.8959
1511,317.78
1512,612.7103
1513,818.0649
1514,359.65378
1515,415.8374
1516,668.50885
1517,557.4685
1518,463.0353
1519,317.78256
1520,564.9468
1521,508.1874
1522,649.96625
1523,630.0639
1524,317.20822
1525,715.35925
1526,551.3874
1527,424.81516
1528,650.0981
1529,426.87112
1530,236.32791
1531,386.90985
1532,498.77786
1533,370.71118
1534,759.9336
1535,350.06656
1536,466.56778
1537,830.5727
1538,564.9029
1539,550.39966
1540,458.35013
1541,497.48026
1542,585.8536
1543,630.19916
1544,290.25146
1545,580.3922
1546,915.4443
1547,714.6225
1548,790.5364
1549,390.19162
1550,379.4404
1551,376.85928
1552,408.03665
1553,426.82074
1554,315.8537
1555,766.8446
1556,542.38403
1557,658.7452
1558,377.39386
1559,655.28876
1560,518.1426
1561,463.87277
1562,645.8797
1563,717.7778
1564,451.2543
1565,780.0184
1566,514.8288
1567,292.1435
1568,706.3438
1569,789.1231
1570,429.01816
1571,531.6162
1572,420.44687
1573,591.28265
1574,785.1577
1575,966.387
1576,645.99084
1577,550.0399
1578,700.24866
1579,745.08655
1580,449.58746
1581,400.41745
1582,458.91434
1583,577.33606
1584,417.96393
1585,320.55386
1586,332.95917
1587,482.77478
1588,451.07047
1589,482.57202
1590,402.49344
1591,560.9236
1592,557.9554
1593,535.19727
1594,676.2367
1595,384.13327
1596,674.6632
1597,565.02405
1598,382.2043
1599,569.39496
1600,679.08234
1601,471.80316
1602,367.76343
1603,870.26263
1604,682.36926
1605,419.19028
1606,603.00726
1607,546.7858
1608,705.63794
1609,578.4155
1610,292.03357
1611,488.47546
1612,636.13727
1613,305.43762
1614,425.6061
1615,739.4043
1616,381.50876
1617,280.84222
1618,575.98566
1619,694.3966
1620,426.65704
1621,522.40173
1622,629.81354
1623,627.6876
1624,382.837
1625,513.44006
1626,284.58975
1627,541.2183
1628,955.4138
1629,714.69745
1630,654.83026
1631,406.54327
1632,656.3268
1633,601.29913
1634,557.4958
1635,449.78375
1636,516.8806
1637,510.5234
1638,410.54553
1639,566.8024
1640,420.29596
1641,710.1277
1642,436.0695
1643,645.4873
1644,850.93933
1645,729.2271
1646,450.1769
1647,305.45898
1648,520.2316
1649,713.0905
1650,520.4653
1651,510.1751
1652,344.58032
1653,442.95258
1654,429.3014
1655,673.37604
1656,712.91626
1657,553.3248
1658,615.1275
1659,848.8159
1660,486.123
1661,655.4169
1662,414.51285
1663,675.9569
1664,429.95248
1665,555.7464
1666,362.41284
1667,527.5031
1668,664.5583
1669,641.461
1670,833.3354
1671,620.44763
1672,551.85474
1673,401.472
1674,539.7691
1675,427.75958
1676,643.7016
1677,721.5555
1678,463.636
1679,565.45905
1680,526.903
1681,607.7034
1682,451.2723
1683,557.8807
1684,654.09717
1685,462.5855
1686,628.3719
1687,640.78546
1688,439.05783
1689,833.03076
1690,634.9194
1691,383.05283
1692,292.46103
1693,480.05975
1694,774.8086
1695,517.1
1696,585.5283
1697,853.03937
1698,762.1485
1699,408.62103
1700,481.37744
1701,598.01
1702,652.8402
1703,512.2313
1704,446.387
1705,544.80115
1706,449.58392
1707,839.0964
1708,369.15176
1709,616.9143
1710,705.36285
1711,799.38684
1712,741.0595
1713,628.60925
1714,422.28772
1715,344.07935
1716,661.8366
1717,472.73694
1718,524.4938
1719,414.54727
1720,529.3875
1721,400.15634
1722,343.4814
1723,606.2721
1724,980.97076
1725,685.94385
1726,331.96985
1727,504.3809
1728,785.0104
1729,607.3961
1730,680.8732
1731,761.06274
1732,562.9433
1733,609.8826
1734,362.50006
1735,518.8439
1736,537.7711
1737,489.61496
1738,662.56824
1739,552.5063
1740,658.97455
1741,549.3998
1742,671.2323
1743,313.84348
1744,609.94116
1745,411.0999
1746,607.3578
1747,897.77686
1748,521.1885
1749,606.90967
1750,370.41336
1751,637.43506
1752,519.02405
1753,430.14545
1754,491.4065
1755,529.20734
1756,592.8484
1757,544.18536
1758,734.38434
1759,626.0126
1760,711.83124
1761,571.9017
1762,390.9785
1763,394.87335
1764,965.80383
1765,491.75772
1766,689.5789
1767,515.0172
1768,548.2995
1769,405.34732
1770,271.35074
1771,271.5571
1772,509.46783
1773,785.7555
1774,674.2803
1775,905.02637
1776,460.31317
1777,699.5105
1778,782.8144
1779,588.95996
1780,453.10666
1781,363.12747
1782,701.80255
1783,841.1355
1784,280.8228
1785,603.5644
1786,733.4009
1787,522.25757
1788,407.66403
1789,494.96072
1790,670.52686
1791,657.7687
1792,326.70627
1793,367.23236
1794,483.46457
1795,566.41205
1796,628.31836
1797,594.8655
1798,557.319
1799,821.3703
1800,387.9136
1801,712.35657
1802,627.75836
1803,742.0309
1804,877.67163
1805,596.55164
1806,693.9076
1807,587.6893
1808,502.72244
1809,715.16125
1810,702.9942
1811,746.76917
1812,540.89624
1813,527.6684
1814,575.7921
1815,937.68286
1816,481.73184
1817,510.708
1818,424.435
1819,470.78094
1820,955.3221
1821,497.03116
1822,473.19315
1823,634.5942
1824,671.78784
1825,581.8669
1826,483.04315
1827,571.0178
1828,419.60495
1829,812.61755
1830,546.90247
1831,617.3756
1832,521.77313
1833,718.23505
1834,673.51514
1835,508.40097
1836,460.8856
1837,771.19336
1838,625.17584
1839,711.17694
1840,587.5028
1841,466.5732
1842,404.06818
1843,544.1625
1844,528.8577
1845,587.2717
1846,621.9296
1847,795.24927
1848,577.3385
1849,672.3565
1850,756.9372
1851,526.2728
1852,861.793
1853,557.69574
1854,505.0567
1855,723.0898
1856,513.2687
1857,477.34656
1858,625.5457
1859,714.47
1860,560.2433
1861,469.6649
1862,513.0052
1863,374.90308
1864,418.58746
1865,419.73914
1866,527.3531
1867,738.48425
1868,717.9717
1869,453.57697
1870,658.43317
1871,549.78107
1872,596.05347
1873,621.99945
1874,382.4237
1875,550.60333
1876,483.2741
1877,469.7211
1878,229.03387
1879,550.3338
1880,598.15393
1881,682.7312
1882,726.1188
1883,470.49005
1884,256.99704
1885,586.05066
1886,412.92075
1887,465.9809
1888,677.0784
1889,878.3316
1890,321.64154
1891,838.07245
1892,886.9509
1893,605.8722
1894,635.6181
1895,657.2151
1896,523.8515
1897,735.3144
1898,481.49326
1899,898.2994
1900,749.83466
1901,506.34186
1902,644.22266
1903,536.9421
1904,341.42307
1905,818.89404
1906,670.79114
1907,472.12234
1908,606.02094
1909,691.63306
1910,751.6478
1911,992.77325
1912,459.4147
1913,650.75397
1914,809.40485
1915,519.86694
1916,702.85645
1917,631.0924
1918,661.76874
1919,413.32172
1920,341.2841
1921,336.271
1922,611.3694
1923,424.36594
1924,529.21277
1925,422.89294
1926,562.88
1927,674.54004
1928,1025.8285
1929,375.52563
1930,960.3105
1931,511.83185
1932,659.31305
1933,550.5702
1934,878.8828
1935,420.3725
1936,597.41504
1937,621.14233
1938,869.8804
1939,759.00104
1940,540.0389
1941,516.49896
1942,448.5938
1943,473.44055
1944,494.89102
1945,385.3778
1946,328.73148
1947,565.2416
1948,617.747
1949,631.05743
1950,847.891
1951,463.11053
1952,642.675
1953,487.7903
1954,745.6209
1955,520.3199
1956,980.8667
1957,608.2116
1958,910.6397
1959,517.51434
1960,849.61346
1961,522.4951
1962,540.73615
1963,528.1477
1964,578.3478
1965,564.9225
1966,356.32516
1967,393.01498
1968,718.54504
1969,732.2067
1970,630.55164
1971,814.2705
1972,531.29034
1973,460.71744
1974,550.48456
1975,506.00015
1976,779.6379
1977,996.5809
1978,358.571
1979,720.0172
1980,653.345
1981,806.69885
1982,804.136
1983,992.3579
1984,270.13968
1985,589.34393
1986,323.4037
1987,562.0843
1988,883.0805
1989,445.04797
1990,562.8293
1991,588.78705
1992,467.4309
1993,596.56384
1994,1015.8593
1995,838.7063
1996,781.23834
1997,454.59116
1998,852.179
1999,435.22363
2000,447.42834
2001,742.2356
2002,485.424
2003,400.76038
2004,648.5911
2005,843.92175
2006,501.35034
2007,439.27493
2008,367.02203
2009,408.99905
2010,656.3568
2011,421.44098
2012,588.16766
2013,429.49997
2014,736.7248
2015,581.08264
2016,376.2594
2017,513.3821
2018,775.3796
2019,498.59003
2020,830.26575
2021,373.39047
2022,633.2301
2023,527.23785
2024,366.2668
2025,498.0416
2026,837.4916
2027,691.7044
2028,423.01453
2029,352.6453
2030,534.3719
2031,654.5422
2032,814.7599
2033,546.49585
2034,306.12524
2035,722.2741
2036,578.59064
2037,568.55347
2038,464.08865
2039,888.2898
2040,520.5327
2041,424.15012
2042,616.40137
2043,548.8358
2044,487.66876
2045,573.8422
2046,675.56805
2047,502.2503
2048,783.14044
2049,888.7333
2050,886.90454
2051,510.13864
2052,495.3975
2053,596.743
2054,834.4641
2055,540.8712
2056,796.5936
2057,414.06232
2058,462.14108
2059,429.7557
2060,480.95956
2061,772.1443
2062,255.62802
2063,618.9772
2064,470.62445
2065,356.91534
2066,642.31964
2067,544.74084
2068,404.28235
2069,586.555
2070,881.16077
2071,483.21237
2072,495.66998
2073,644.5064
2074,435.36658
2075,480.2171
2076,890.3606
2077,508.44348
2078,1062.566
2079,467.3592
2080,513.08734
2081,443.54974
2082,760.0431
2083,624.7203
2084,385.97662
2085,801.4589
2086,423.3725
2087,455.34097
2088,788.9207
2089,513.2159
2090,657.3544
2091,688.02454
2092,457.95926
2093,583.15814
2094,616.8232
2095,607.75214
2096,631.8616
2097,578.543
2098,769.71234
2099,708.3434
2100,623.76776
2101,374.303
2102,927.9584
2103,618.33746
2104,378.50992
2105,759.5992
2106,675.8455
2107,807.8866
2108,443.59167
2109,462.84894
2110,657.9861
2111,274.63983
2112,557.46027
2113,410.57883
2114,553.83923
2115,370.25076
2116,659.6335
2117,375.3337
2118,358.83453
2119,290.48404
2120,617.4754
2121,426.60822
2122,674.648
2123,713.2822
2124,432.07184
2125,835.7663
2126,636.90283
2127,521.5791
2128,696.17163
2129,407.54263
2130,380.43665
2131,403.1991
2132,796.68835
2133,412.69205
2134,501.2789
2135,487.68906
2136,847.42487
2137,672.5673
2138,633.0236
2139,324.54022
2140,619.6715
2141,641.6297
2142,462.01508
2143,293.86713
2144,573.86017
2145,765.0492
2146,359.77277
2147,539.7158
2148,421.9925
2149,659.05914
2150,762.34674
2151,629.372
2152,716.7561
2153,662.855
2154,437.1744
2155,484.61465
2156,506.63025
2157,645.19946
2158,474.63177
2159,422.39716
2160,728.3597
2161,698.3539
2162,372.48053
2163,723.4722
2164,774.66907
2165,793.8666
2166,503.83945
2167,835.9107
2168,448.5826
2169,431.4849
2170,608.9593
2171,492.63812
2172,572.88434
2173,681.6318
2174,433.35904
2175,580.3349
2176,752.76654
2177,394.1759
2178,473.02808
2179,728.6835
2180,853.062
2181,542.53357
2182,434.26514
2183,521.4484
2184,888.2691
2185,529.91876
2186,370.12897
2187,535.0693
2188,650.56665
2189,725.2815
2190,591.5476
2191,455.45123
2192,401.79868
2193,756.0024
2194,667.1741
2195,334.45142
2196,340.61777
2197,511.54257
2198,692.8033
2199,420.99512
2200,568.7319
2201,455.66617
2202,417.2888
2203,635.45
2204,772.3627
2205,504.91232
2206,478.9359
2207,438.09348
2208,417.43347
2209,468.5916
2210,713.9314
2211,746.92065
2212,556.8326
2213,370.4521
2214,527.9125
2215,498.69037
2216,636.62885
2217,332.62875
2218,588.92236
2219,380.52087
2220,391.8696
2221,455.57425
2222,525.5242
2223,577.3115
2224,603.6932
2225,225.602
2226,352.81183
2227,246.65453
2228,776.55005
2229,714.6917
2230,554.9197
2231,559.34705
2232,655.6468
2233,350.80057
2234,453.4095
2235,409.8784
2236,446.0053
2237,620.8352
2238,411.2251
2239,606.32587
2240,742.98895
2241,595.55817
2242,649.20325
2243,235.79315
2244,672.6972
2245,1040.3949
2246,459.7642
2247,443.95605
2248,601.60266
2249,782.4712
2250,553.46075
2251,376.16507
2252,543.9801
2253,419.2645
2254,586.5394
2255,579.24603
2256,336.3862
2257,385.49942
2258,646.25
2259,681.8672
2260,613.2023
2261,428.5796
2262,358.0105
2263,558.9075
2264,497.11987
2265,804.098
2266,522.5117
2267,537.19086
2268,428.51447
2269,714.91113
2270,402.2709
2271,362.88113
2272,387.94135
2273,377.09555
2274,848.98706
2275,649.05225
2276,669.3876
2277,646.0361
2278,449.6783
2279,570.424
2280,449.32535
2281,625.0179
2282,445.3555
2283,726.4598
2284,555.4956
2285,580.6586
2286,489.6683
2287,407.69437
2288,319.45853
2289,386.21875
2290,476.56277
2291,761.1297
2292,489.56134
2293,438.58618
2294,833.05743
2295,492.75043
2296,387.50967
2297,933.5534
2298,584.2294
2299,649.5562
2300,592.58466
2301,611.2604
2302,952.7139
2303,668.8124
2304,468.29224
2305,632.5901
2306,586.5037
2307,540.6231
2308,390.01144
2309,618.42346
2310,372.70602
2311,524.1225
2312,888.10565
2313,389.19547
2314,476.709
2315,866.8016
2316,621.9176
2317,445.62445
2318,479.91998
2319,487.89197
2320,492.75912
2321,516.86255
2322,780.32196
2323,671.2704
2324,506.08902
2325,654.1127
2326,886.5385
2327,380.1943
2328,419.1075
2329,477.88046
2330,521.6525
2331,671.4044
2332,430.7186
2333,749.0478
2334,386.59732
2335,533.1056
2336,564.2505
2337,529.84955
2338,422.7642
2339,362.99545
2340,686.15546
2341,325.60648
2342,600.57263
2343,744.4483
2344,483.869
2345,548.515
2346,446.58975
2347,532.44464
2348,500.2008
2349,422.96848
2350,1029.3391
2351,743.39
2352,928.596
2353,712.5467
2354,827.2048
2355,658.7828
2356,691.45026
2357,727.6444
2358,408.9757
2359,800.86475
2360,806.1421
2361,596.82324
2362,414.52457
2363,751.9804
2364,555.0485
2365,549.9591
2366,729.6637
2367,791.3182
2368,745.58856
2369,589.71466
2370,711.2955
2371,644.3974
2372,386.75473
2373,441.84885
2374,803.9669
2375,417.02972
2376,503.28125
2377,917.4968
2378,783.89813
2379,500.55453
2380,606.3022
2381,580.56854
2382,399.95874
2383,574.86035
2384,431.50046
2385,710.1943
2386,697.6913
2387,974.0017
2388,659.69995
2389,362.88028
2390,513.426
2391,379.3454
2392,706.4824
2393,452.22192
2394,467.81665
2395,653.19464
2396,611.83655
2397,528.5952
2398,766.98663
2399,391.26385
2400,831.2557
2401,231.18172
2402,430.35333
2403,1126.8654
2404,659.2456
2405,472.9229
2406,422.27173
2407,571.6678
2408,332.71973
2409,359.81552
2410,437.5637
2411,489.60345
2412,418.9573
2413,376.2458
2414,608.9055
2415,938.49304
2416,651.7381
2417,679.72485
2418,757.07324
2419,837.1537
2420,298.25858
2421,541.6773
2422,748.83997
2423,411.95978
2424,550.89294
2425,227.18231
2426,1030.8102
2427,809.47485
2428,400.05182
2429,360.86786
2430,703.6276
2431,464.30228
2432,721.3609
2433,909.3773
2434,740.1893
2435,976.3183
2436,438.25818
2437,357.75912
2438,724.6316
2439,295.6455
2440,435.87973
2441,356.28278
2442,665.1725
2443,516.9886
2444,373.13193
2445,629.73645
2446,648.61847
2447,727.57983
2448,616.9112
2449,527.3258
2450,922.13794
2451,753.4331
2452,309.56137
2453,816.8305
2454,702.3175
2455,517.28796
2456,496.36063
2457,393.6623
2458,720.36273
2459,738.5595
2460,610.6251
2461,454.56604
2462,606.4152
2463,521.5331
2464,528.4089
2465,607.27954
2466,428.71524
2467,546.4462
2468,688.9945
2469,741.22455
2470,595.0423
2471,830.2958
2472,361.1242
2473,493.91904
2474,294.5654
2475,527.0755
2476,419.3514
2477,519.05707
2478,592.87274
2479,701.5178
2480,370.55988
2481,487.23007
2482,524.23376
2483,743.8405
2484,577.00977
2485,579.26276
2486,551.3033
2487,541.25555
2488,473.3678
2489,377.31067
2490,889.6658
2491,463.1885
2492,553.50616
2493,720.3191
2494,599.3421
2495,441.67758
2496,540.6551
2497,605.84174
2498,541.00464
2499,462.50598
2500,595.1045
2501,683.7908
2502,464.62146
2503,627.64996
2504,603.2657
2505,966.3007
2506,587.64276
2507,653.2451
2508,607.2686
2509,501.98706
2510,671.8959
2511,758.48773
2512,570.88416
2513,537.56055
2514,647.87585
2515,425.5946
2516,1003.90454
2517,452.0528
2518,663.6169
2519,840.21136
2520,636.8573
2521,686.70844
2522,701.81525
2523,899.27026
2524,593.9576
2525,471.83725
2526,569.3508
2527,726.48676
2528,300.03665
2529,448.97363
2530,814.9039
2531,640.10394
2532,503.37982
2533,670.26013
2534,508.84863
2535,977.1075
2536,475.00327
2537,966.30365
2538,744.4811
2539,726.9106
2540,621.2336
2541,509.43332
2542,468.033
2543,428.92047
2544,740.55237
2545,723.45654
2546,796.9975
2547,1079.4814
2548,693.1963
2549,667.9478
2550,589.8591
2551,468.85873
2552,467.2587
2553,827.8614
2554,668.0465
2555,547.4156
2556,563.332
2557,460.40387
2558,389.6297
2559,682.9823
2560,539.4644
2561,597.11285
2562,391.03854
2563,466.5351
2564,790.8471
2565,609.5423
2566,377.37164
2567,422.1812
2568,463.79547
2569,665.189
2570,606.2596
2571,491.31516
2572,710.76666
2573,417.12924
2574,593.07446
2575,528.3312
2576,350.50363
2577,387.90674
2578,634.50726
2579,405.78653
2580,418.3638
2581,358.74762
2582,350.49063
2583,601.8787
2584,440.65353
2585,426.75824
2586,656.0684
2587,686.77106
2588,851.2344
2589,724.3491
2590,731.34863
2591,489.7361
2592,611.7729
2593,1049.3116
2594,1019.4697
2595,475.17917
2596,632.6353
2597,858.965
2598,346.5461
2599,704.1602
2600,442.7478
2601,797.05597
2602,567.716
2603,652.4915
2604,501.4373
2605,517.46045
2606,502.06427
2607,402.3832
2608,407.54825
2609,530.93414
2610,492.4098
2611,694.6709
2612,600.66473
2613,666.2167
2614,755.7534
2615,556.8617
2616,441.99402
2617,340.08936
2618,993.2182
2619,657.8646
2620,832.6418
2621,744.72076
2622,423.22607
2623,745.1262
2624,462.16656
2625,916.2788
2626,410.0965
2627,502.0135
2628,816.85455
2629,627.194
2630,422.6924
2631,906.26184
2632,535.8944
2633,471.8499
2634,400.4017
2635,597.4254
2636,588.76373
2637,403.7029
2638,642.1972
2639,505.8263
2640,500.46765
2641,437.4223
2642,439.4439
2643,344.9125
2644,477.84637
2645,755.7829
2646,498.62906
2647,860.3481
2648,506.5457
2649,539.33563
2650,840.8674
2651,596.01544
2652,628.7097
2653,763.52844
2654,509.5102
2655,859.7867
2656,477.72388
2657,722.89966
2658,642.0016
2659,459.49234
2660,523.49457
2661,685.86786
2662,566.4609
2663,581.15564
2664,421.7497
2665,638.62463
2666,422.73605
2667,585.82495
2668,309.35474
2669,671.8812
2670,647.61816
2671,633.8442
2672,600.9686
2673,562.4924
2674,377.2069
2675,461.94672
2676,448.31543
2677,769.6224
2678,544.5323
2679,482.06363
2680,755.7645
2681,405.51294
2682,722.9751
2683,622.3753
2684,633.7727
2685,612.08685
2686,281.40982
2687,491.6231
2688,432.9397
2689,747.1878
2690,726.3993
2691,706.53046
2692,457.908
2693,515.97266
2694,384.21118
2695,767.78766
2696,555.7291
2697,697.97003
2698,1025.4465
2699,554.6266
2700,476.33737
2701,429.86057
2702,681.92145
2703,714.1834
2704,495.74838
2705,613.7814
2706,625.1186
2707,497.6995
2708,640.9442
2709,527.4388
2710,540.3802
2711,423.1235
2712,542.78687
2713,726.0701
2714,588.78076
2715,361.3597
2716,390.45352
2717,382.69128
2718,469.45535
2719,616.5717
2720,853.172
2721,465.84198
2722,788.6829
2723,637.88586
2724,485.47037
2725,773.1004
2726,345.25446
2727,816.903
2728,372.23483
2729,827.71783
2730,392.10748
2731,315.8092
2732,468.2029
2733,626.049
2734,628.9153
2735,339.38986
2736,525.766
2737,513.21655
2738,577.7408
2739,581.3718
2740,679.8844
2741,613.28845
2742,755.5532
2743,532.1075
2744,592.4472
2745,604.5925
2746,664.21014
2747,334.23056
2748,393.10974
2749,707.873
2750,747.3642
2751,907.6769
2752,394.63217
2753,472.51065
2754,257.35266
2755,415.33176
2756,514.95953
2757,547.17145
2758,429.32172
2759,568.7537
2760,547.09955
2761,500.06998
2762,609.1844
2763,341.66156
2764,663.43695
2765,704.1344
2766,793.62634
2767,481.69778
2768,428.72348
2769,677.4871
2770,749.84314
2771,589.81384
2772,576.03925
2773,749.09076
2774,416.70688
2775,422.66446
2776,643.97046
2777,355.0063
2778,755.3864
2779,622.99603
2780,550.5059
2781,665.59784
2782,428.70712
2783,833.56934
2784,807.64417
2785,509.36588
2786,293.83856
2787,461.02127
2788,626.0149
2789,355.842
2790,549.73315
2791,392.08255
2792,377.45697
2793,663.43896
2794,381.01898
2795,422.1402
2796,351.44083
2797,711.6018
2798,568.3526
2799,677.2398
2800,231.95618
2801,279.71484
2802,485.38522
2803,835.48035
2804,646.5084
2805,962.5227
2806,451.9537
2807,430.34637
2808,566.6791
2809,392.61652
2810,570.323
2811,562.43335
2812,403.5805
2813,586.98816
2814,612.3086
2815,588.5496
2816,375.95398
2817,455.11783
2818,805.86615
2819,592.07764
2820,433.0629
2821,925.27045
2822,819.5263
2823,682.22577
2824,620.4241
2825,743.27386
2826,855.67773
2827,440.3014
2828,527.72076
2829,598.7374
2830,626.3626
2831,410.67456
2832,325.29407
2833,613.14435
2834,594.4522
2835,622.6441
2836,500.6398
2837,419.90213
2838,209.7028
2839,561.11847
2840,634.8612
2841,558.48254
2842,371.10043
2843,455.95422
2844,620.19617
2845,762.92126
2846,366.34964
2847,283.07938
2848,822.32306
2849,308.57623
2850,454.50467
2851,653.0244
2852,609.29956
2853,467.02594
2854,494.6488
2855,540.0692
2856,518.65906
2857,450.26678
2858,578.22546
2859,414.5559
2860,676.91693
2861,906.1545
2862,781.6091
2863,565.83966
2864,525.5666
2865,736.0339
2866,571.9999
2867,612.9716
2868,372.38202
2869,397.8152
2870,387.97412
2871,679.22076
2872,880.19604
2873,485.99573
2874,436.3774
2875,636.49133
2876,540.8351
2877,318.69244
2878,365.28235
2879,480.83813
2880,418.56055
2881,588.7178
2882,517.82733
2883,597.505
2884,431.6964
2885,478.51474
2886,671.4797
2887,513.899
2888,499.09766
2889,673.28577
2890,1021.49036
2891,369.55704
2892,311.45154
2893,591.903
2894,337.9026
2895,385.12634
2896,430.38538
2897,591.3194
2898,614.8515
2899,366.02377
2900,393.3857
2901,574.7283
2902,595.1449
2903,644.3591
2904,784.41235
2905,729.70435
2906,462.45602
2907,527.4051
2908,631.50543
2909,579.9042
2910,730.4925
2911,673.4302
2912,424.16882
2913,783.8692
2914,722.12787
2915,615.5733
2916,564.0935
2917,561.86127
2918,494.61856
2919,497.75287
2920,515.26984
2921,839.41626
2922,396.37442
2923,406.1361
2924,313.6207
2925,592.29346
2926,637.6397
2927,475.56345
2928,519.98755
2929,612.8336
2930,711.60944
2931,548.89307
2932,693.8121
2933,566.78973
2934,522.7599
2935,702.83716
2936,478.82346
2937,743.2241
2938,538.7816
2939,826.2293
2940,467.9275
2941,580.99164
2942,467.49274
2943,810.0984
2944,449.32486
2945,726.60754
2946,557.98895
2947,463.12183
2948,378.4052
2949,510.6447
2950,407.5695
2951,485.71487
2952,436.60193
2953,670.11597
2954,468.01987
2955,430.93793
2956,696.7544
2957,695.917
2958,580.5968
2959,728.943
2960,431.00958
2961,582.6117
2962,632.52545
2963,557.91254
2964,578.2707
2965,430.11987
2966,809.0143
2967,550.45825
2968,637.7011
2969,437.71628
2970,629.28577
2971,391.99506
2972,392.9502
2973,642.42865
2974,730.88947
2975,807.71216
2976,702.4902
2977,611.9525
2978,707.078
2979,299.35373
2980,288.16202
2981,447.096
2982,566.72424
2983,682.18176
2984,653.8163
2985,630.34863
2986,601.1667
2987,496.35468
2988,672.3355
2989,378.5881
2990,534.4692
2991,582.63684
2992,907.7298
2993,329.06665
2994,693.9304
2995,697.32434
2996,581.27386
2997,480.9796
2998,696.87964
2999,613.85474
3000,651.73615
3001,400.34088
3002,563.49976
3003,485.7577
3004,640.89374
3005,384.79367
3006,703.82666
3007,859.1871
3008,693.54144
3009,692.3885
3010,622.91815
3011,473.66092
3012,492.9519
3013,311.09256
3014,631.2593
3015,447.19495
3016,876.54944
3017,634.26874
3018,641.3214
3019,358.27078
3020,328.6214
3021,411.2028
3022,454.18936
3023,385.84686
3024,592.8678
3025,360.32834
3026,518.28564
3027,379.054
3028,538.171
3029,705.1592
3030,577.16223
3031,358.9511
3032,545.3949
3033,654.5193
3034,599.1287
3035,576.70715
3036,760.9623
3037,484.084
3038,353.65717
3039,458.71448
3040,1031.2026
3041,400.526
3042,436.96545
3043,499.02524
3044,504.26633
3045,434.75894
3046,586.4895
3047,593.4765
3048,615.3565
3049,873.5822
3050,725.8834
3051,450.48218
3052,850.5433
3053,632.24805
3054,627.7661
3055,613.82623
3056,441.7235
3057,925.22906
3058,668.4576
3059,383.29654
3060,748.9486
3061,623.1349
3062,395.99445
3063,434.9238
3064,479.02277
3065,358.8636
3066,570.3655
3067,709.5687
3068,674.81934
3069,324.67142
3070,421.8348
3071,752.37946
3072,480.35425
3073,556.5027
3074,602.0218
3075,857.6339
3076,591.1938
3077,787.862
3078,467.38947
3079,593.29364
3080,605.28937
3081,588.96893
3082,525.02625
3083,462.39893
3084,603.56647
3085,349.17743
3086,535.00977
3087,790.91
3088,653.3527
3089,568.6252
3090,446.80655
3091,484.76385
3092,344.5322
3093,506.06952
3094,535.6857
3095,706.91187
3096,453.29318
3097,663.83826
3098,648.84656
3099,380.71814
3100,722.81036
3101,431.85202
3102,732.9104
3103,525.9659
3104,335.21738
3105,562.68054
3106,435.3154
3107,523.2235
3108,398.59943
3109,622.32007
3110,326.91797
3111,443.11914
3112,701.96027
3113,432.59317
3114,425.09995
3115,411.77887
3116,534.6959
3117,379.42313
3118,442.63522
3119,346.2897
3120,739.77136
3121,617.65375
3122,603.76385
3123,829.79205
3124,593.5304
3125,432.2992
3126,612.21704
3127,611.258
3128,569.69183
3129,544.26965
3130,699.0808
3131,842.1215
3132,808.10724
3133,338.70468
3134,830.88324
3135,576.1877
3136,535.0236
3137,409.307
3138,531.76636
3139,501.46136
3140,583.3906
3141,491.34888
3142,730.0336
3143,497.21942
3144,411.03625
3145,915.4203
3146,545.8951
3147,809.6451
3148,421.11655
3149,460.30548
3150,751.8103
3151,611.57104
3152,711.93243
3153,299.88266
3154,417.64246
3155,931.36957
3156,667.7628
3157,683.7562
3158,361.99326
3159,472.5131
3160,251.03421
3161,506.43384
3162,636.0938
3163,695.6486
3164,885.501
3165,796.5411
3166,661.1058
3167,331.50482
3168,395.33463
3169,531.8552
3170,651.0771
3171,1095.6752
3172,726.3349
3173,633.42444
3174,525.41736
3175,486.34592
3176,697.2905
3177,435.30453
3178,513.5874
3179,436.7844
3180,746.93274
3181,958.7082
3182,414.72165
3183,621.6429
3184,454.86368
3185,411.39703
3186,608.7793
3187,339.21136
3188,339.65378
3189,747.3468
3190,640.696
3191,465.34622
3192,297.34125
3193,457.94714
3194,337.7874
3195,623.3098
3196,467.71448
3197,447.37067
3198,373.1616
3199,502.0777
3200,631.1467
3201,576.25574
3202,503.30884
3203,545.9224
3204,653.42755
3205,326.53958
3206,570.4156
3207,553.729
3208,834.42035
3209,545.21216
3210,710.23785
3211,710.4777
3212,586.05035
3213,354.25052
3214,858.9886
3215,356.50012
3216,277.6776
3217,863.53906
3218,510.70847
3219,582.8245
3220,583.6492
3221,787.4136
3222,851.5868
3223,662.8967
3224,547.40125
3225,517.0879
3226,834.7107
3227,309.87842
3228,682.6552
3229,706.9832
3230,515.9354
3231,604.6427
3232,470.68015
3233,760.5888
3234,400.76083
3235,715.29736
3236,506.15817
3237,595.5985
3238,542.70087
3239,307.97458
3240,973.2857
3241,412.61423
3242,371.42093
3243,656.7678
3244,584.76013
3245,659.2122
3246,373.68842
3247,756.5875
3248,650.4482
3249,711.25555
3250,501.2148
3251,524.7863
3252,623.1845
3253,653.4379
3254,640.4654
3255,455.0517
3256,610.14453
3257,583.2938
3258,520.3555
3259,452.4024
3260,573.932
3261,601.52765
3262,596.7087
3263,386.83054
3264,400.49548
3265,581.13745
3266,595.028
3267,371.02893
3268,379.65277
3269,679.14734
3270,519.2089
3271,493.61145
3272,590.32336
3273,228.6316
3274,645.3646
3275,441.93002
3276,535.74133
3277,638.57587
3278,224.57295
3279,552.41235
3280,763.8841
3281,481.47156
3282,699.06226
3283,326.38074
3284,492.28845
3285,795.84186
3286,325.23453
3287,699.78394
3288,560.47656
3289,625.9313
3290,803.41595
3291,1017.6739
3292,500.6926
3293,783.4636
3294,579.8976
3295,527.6975
3296,465.13132
3297,671.4887
3298,669.92706
3299,717.80035
3300,365.91705
3301,452.91473
3302,567.39667
3303,367.9552
3304,596.71423
3305,612.1525
3306,480.46198
3307,610.38586
3308,772.46796
3309,625.1717
3310,538.57104
3311,469.15335
3312,285.23608
3313,719.06
3314,700.9175
3315,748.72925
3316,836.5497
3317,716.3515
3318,868.77924
3319,441.98035
3320,805.5924
3321,383.04526
3322,671.81836
3323,713.5786
3324,365.08322
3325,612.3915
3326,652.97174
3327,403.417
3328,450.8489
3329,651.158
3330,501.23102
3331,417.30563
3332,732.9147
3333,528.15625
3334,595.6113
3335,567.22754
3336,774.2293
3337,757.944
3338,825.1375
3339,841.3699
3340,509.11926
3341,509.28018
3342,441.09732
3343,777.09546
3344,522.9274
3345,508.8911
3346,581.15466
3347,701.4442
3348,412.15887
3349,650.0169
3350,589.16223
3351,390.42932
3352,474.87503
3353,544.5418
3354,475.83917
3355,538.3936
3356,569.6544
3357,381.70023
3358,711.77893
3359,591.7982
3360,678.22723
3361,401.53314
3362,491.1819
3363,893.4125
3364,669.7235
3365,327.73407
3366,453.67014
3367,860.58
3368,441.6327
3369,1095.0044
3370,784.4134
3371,816.0125
3372,668.1808
3373,762.62476
3374,347.98053
3375,530.7787
3376,616.99603
3377,822.10535
3378,429.14145
3379,599.4235
3380,429.26044
3381,689.62506
3382,391.90668
3383,718.68005
3384,524.76776
3385,602.27985
3386,519.45105
3387,774.4357
3388,425.24362
3389,766.1825
3390,737.3224
3391,690.4425
3392,624.9582
3393,688.5376
3394,645.24524
3395,469.86172
3396,600.55646
3397,374.2695
3398,694.71674
3399,616.91724
3400,671.82007
3401,516.70184
3402,433.50735
3403,522.5976
3404,558.2996
3405,536.8608
3406,394.7002
3407,569.9218
3408,670.3617
3409,519.12085
3410,464.76727
3411,781.2945
3412,526.7366
3413,728.76324
3414,601.25006
3415,844.47955
3416,566.36676
3417,409.25375
3418,465.40936
3419,533.5389
3420,567.8009
3421,446.07684
3422,644.2388
3423,306.26987
3424,746.1893
3425,532.8128
3426,359.57288
3427,651.5313
3428,625.9864
3429,676.06226
3430,549.14716
3431,730.2237
3432,677.03986
3433,649.0136
3434,582.87646
3435,823.9119
3436,700.26044
3437,461.81174
3438,503.77542
3439,467.91974
3440,508.88803
3441,788.1256
3442,412.48328
3443,593.5237
3444,849.00336
3445,774.38477
3446,602.18536
3447,414.92676
3448,566.25305
3449,481.17743
3450,491.5067
3451,414.83823
3452,596.5145
3453,615.0245
3454,694.59326
3455,337.41312
3456,525.09705
3457,736.0148
3458,419.37427
3459,834.24536
3460,493.73267
3461,370.54907
3462,334.24484
3463,449.60388
3464,461.28397
3465,690.4161
3466,606.3363
3467,377.89218
3468,685.944
3469,692.61206
3470,442.79105
3471,444.26044
3472,606.4076
3473,639.36694
3474,652.8627
3475,833.8237
3476,613.3563
3477,703.9725
3478,601.9262
3479,411.96042
3480,330.65897
3481,463.12244
3482,668.377
3483,390.70947
3484,367.94708
3485,747.398
3486,698.66016
3487,500.90625
3488,572.52374
3489,454.9657
3490,738.09595
3491,1005.2723
3492,709.9101
3493,763.6854
3494,748.52795
3495,601.8395
3496,345.3397
3497,516.89716
3498,294.5
3499,539.4361
3500,821.4359
3501,747.9912
3502,387.53897
3503,297.3784
3504,687.89594
3505,392.50513
3506,346.14148
3507,638.1409
3508,429.8279
3509,383.0455
3510,716.35205
3511,599.1018
3512,694.2475
3513,371.56937
3514,602.1441
3515,418.20163
3516,590.00073
3517,412.42896
3518,800.6437
3519,587.76953
3520,492.74893
3521,705.8196
3522,277.28403
3523,500.83054
3524,286.99582
3525,679.0358
3526,462.9752
3527,508.487
3528,876.6422
3529,478.1339
3530,463.92477
3531,557.9453
3532,422.21796
3533,434.88394
3534,518.93225
3535,412.88422
3536,354.63412
3537,808.9875
3538,419.93756
3539,324.3299
3540,737.2425
3541,561.83594
3542,887.6484
3543,634.76556
3544,378.88876
3545,570.0906
3546,731.50287
3547,722.923
3548,524.5573
3549,902.64386
3550,452.416
3551,659.7588
3552,647.23236
3553,768.6327
3554,494.4404
3555,312.06558
3556,683.8836
3557,607.1406
3558,900.1945
3559,641.07416
3560,999.0448
3561,538.18774
3562,662.1293
3563,631.78625
3564,559.38763
3565,445.78098
3566,496.6329
3567,275.5188
3568,500.37817
3569,717.99225
3570,445.87604
3571,521.3215
3572,512.9027
3573,550.74036
3574,486.04074
3575,613.5706
3576,856.52155
3577,438.0463
3578,701.49164
3579,516.4222
3580,725.3432
3581,551.5382
3582,684.04236
3583,453.21826
3584,640.38086
3585,399.65082
3586,590.64374
3587,795.1269
3588,685.6408
3589,924.7857
3590,677.1797
3591,498.3503
3592,396.08972
3593,509.1943
3594,398.59
3595,500.68887
3596,777.7626
3597,394.63333
3598,439.1642
3599,339.25003
3600,512.0603
3601,557.1902
3602,634.6413
3603,436.23993
3604,460.0025
3605,544.41406
3606,776.0224
3607,516.62933
3608,340.3389
3609,626.80597
3610,458.5629
3611,822.34094
3612,727.4813
3613,714.28864
3614,667.38226
3615,541.19354
3616,502.63388
3617,694.6187
3618,583.78107
3619,576.9038
3620,393.83582
3621,733.90576
3622,732.3632
3623,590.5299
3624,479.05603
3625,411.94754
3626,442.98605
3627,545.91296
3628,426.26285
3629,352.1104
3630,423.76547
3631,897.2081
3632,727.7634
3633,851.51044
3634,467.2469
3635,510.61398
3636,529.0861
3637,613.40283
3638,211.95894
3639,440.7974
3640,636.3149
3641,519.28143
3642,478.50418
3643,748.21533
3644,569.2365
3645,610.20465
3646,574.2692
3647,453.65405
3648,760.34393
3649,561.5747
3650,723.65784
3651,605.4025
3652,704.41614
3653,765.0914
3654,682.85443
3655,391.78598
3656,597.57947
3657,443.05896
3658,384.94794
3659,671.3965
3660,356.4163
3661,680.55945
3662,591.1373
3663,386.8652
3664,479.79776
3665,614.2778
3666,366.89102
3667,336.77383
3668,425.455
3669,668.4795
3670,744.34576
3671,533.9559
3672,631.3996
3673,466.2606
3674,700.02155
3675,762.1864
3676,592.5659
3677,477.97925
3678,504.56366
3679,549.2988
3680,356.44797
3681,600.515
3682,354.61536
3683,508.61917
3684,710.10077
3685,826.40247
3686,562.4592
3687,629.0567
3688,593.3123
3689,739.69617
3690,394.3761
3691,691.9864
3692,430.1841
3693,297.95425
3694,649.5466
3695,257.29718
3696,534.8897
3697,688.57324
3698,224.66896
3699,292.9934
3700,785.0929
3701,866.865
3702,385.1664
3703,463.67856
3704,559.109
3705,511.486
3706,924.26105
3707,657.12317
3708,308.9846
3709,278.29993
3710,676.5316
3711,632.45905
3712,426.8632
3713,602.59283
3714,733.3966
3715,535.5398
3716,420.74744
3717,782.9955
3718,284.0995
3719,619.7546
3720,809.41846
3721,705.8288
3722,421.3782
3723,500.53235
3724,505.99188
3725,512.468
3726,861.52344
3727,460.15872
3728,510.34018
3729,515.4419
3730,272.86578
3731,628.59595
3732,326.00903
3733,677.7715
3734,464.90695
3735,242.73067
3736,543.6663
3737,557.56323
3738,1022.3417
3739,842.99426
3740,573.93146
3741,436.6615
3742,982.0026
3743,382.40158
3744,616.7256
3745,761.04865
3746,687.35913
3747,403.6276
3748,619.74615
3749,677.536
3750,594.3631
3751,610.9694
3752,542.0598
3753,436.333
3754,421.16315
3755,731.44476
3756,692.00104
3757,420.81967
3758,546.4311
3759,418.94775
3760,430.55084
3761,771.04803
3762,783.0401
3763,602.6999
3764,931.25714
3765,563.6485
3766,475.95096
3767,261.0063
3768,572.4427
3769,431.02704
3770,700.14105
3771,494.63013
3772,609.8335
3773,627.587
3774,624.99207
3775,547.4057
3776,678.8382
3777,636.83203
3778,817.5382
3779,607.28516
3780,252.57387
3781,490.25037
3782,590.0742
3783,564.09717
3784,738.4201
3785,612.4046
3786,621.5648
3787,485.2921
3788,395.14825
3789,505.2798
3790,596.9134
3791,560.8898
3792,466.3495
3793,478.10852
3794,564.1986
3795,791.911
3796,648.17755
3797,541.5871
3798,474.0504
3799,732.35455
3800,568.75555
3801,804.5191
3802,476.99094
3803,625.39575
3804,834.6069
3805,352.46353
3806,488.8522
3807,861.43964
3808,770.85626
3809,574.91534
3810,776.3034
3811,519.3045
3812,355.68692
3813,412.4352
3814,596.553
3815,581.19977
3816,763.06866
3817,390.5617
3818,676.6512
3819,676.2551
3820,469.295
3821,530.2825
3822,561.5989
3823,559.06824
3824,704.12274
3825,619.7196
3826,620.82806
3827,519.90314
3828,609.1911
3829,582.79504
3830,822.102
3831,800.6186
3832,508.2841
3833,894.97186
3834,446.34268
3835,784.26025
3836,474.2692
3837,501.60223
3838,453.8047
3839,1081.1521
3840,342.66507
3841,520.6824
3842,363.9454
3843,573.7632
3844,587.5651
3845,712.4735
3846,387.05573
3847,589.688
3848,595.5731
3849,504.03333
3850,543.092
3851,842.07153
3852,542.7087
3853,306.5541
3854,549.8706
3855,413.31943
3856,439.8894
3857,634.69543
3858,482.48663
3859,587.50085
3860,709.56934
3861,572.0733
3862,565.5544
3863,705.4638
3864,470.50253
3865,710.00696
3866,770.87524
3867,744.174
3868,708.16693
3869,587.0765
3870,706.797
3871,656.7976
3872,344.58963
3873,445.64215
3874,580.4245
3875,273.3905
3876,976.2974
3877,388.26706
3878,392.0294
3879,430.66705
3880,866.9244
3881,617.79736
3882,269.75238
3883,711.07025
3884,811.38806
3885,839.71814
3886,710.03986
3887,745.2842
3888,418.83618
3889,854.6747
3890,553.1891
3891,591.2751
3892,679.9172
3893,333.36176
3894,732.6841
3895,490.02573
3896,562.2931
3897,828.3422
3898,695.71826
3899,526.0103
3900,660.3447
3901,625.0732
3902,413.13315
3903,461.88666
3904,434.6271
3905,242.89734
3906,471.99088
3907,453.43243
3908,662.4088
3909,472.9749
3910,688.0675
3911,733.7342
3912,423.71198
3913,660.1766
3914,594.757
3915,413.246
3916,571.12006
3917,422.2046
3918,396.5037
3919,751.52295
3920,806.2378
3921,629.3966
3922,417.70056
3923,345.55695
3924,300.83902
3925,625.93964
3926,637.07544
3927,496.951
3928,475.85425
3929,565.93646
3930,554.8085
3931,565.81256
3932,737.47705
3933,551.32745
3934,850.5145
3935,585.62317
3936,734.68365
3937,858.03296
3938,564.6918
3939,575.3322
3940,684.93585
3941,327.80576
3942,748.77124
3943,435.95596
3944,629.8828
3945,427.6237
3946,376.566
3947,383.5222
3948,662.4081
3949,613.69135
3950,407.2797
3951,621.9872
3952,718.5744
3953,405.41953
3954,672.0021
3955,400.77072
3956,349.92355
3957,342.59256
3958,694.4788
3959,265.57037
3960,368.33984
3961,494.3076
3962,481.05588
3963,934.22363
3964,979.5946
3965,567.3897
3966,890.2019
3967,719.53705
3968,572.4781
3969,282.8915
3970,473.47385
3971,384.0441
3972,480.52463
3973,661.31683
3974,247.1073
3975,449.03848
3976,388.6479
3977,591.6738
3978,503.8172
3979,435.9808
3980,451.5273
3981,389.93588
3982,573.71875
3983,393.10025
3984,703.3284
3985,472.0347
3986,589.6421
3987,436.43185
3988,507.02826
3989,623.86456
3990,788.05286
3991,638.35443
3992,739.2352
3993,555.75604
3994,384.05005
3995,339.2774
3996,315.08188
3997,644.1812
3998,518.2503
3999,718.04663
4000,495.8644
4001,590.8029
4002,791.3016
4003,457.7444
4004,471.13586
4005,425.8276
4006,372.09543
4007,524.05414
4008,992.3322
4009,606.4357
4010,796.80884
4011,688.9845
4012,407.59326
4013,464.35654
4014,528.8656
4015,414.77625
4016,545.7862
4017,923.27496
4018,648.21954
4019,561.54675
4020,607.55194
4021,680.26654
4022,538.56213
4023,671.01105
4024,880.9735
4025,468.28638
4026,814.7505
4027,504.60483
4028,707.96533
4029,493.41373
4030,521.3497
4031,590.11786
4032,363.32135
4033,378.05927
4034,722.7958
4035,508.66016
4036,430.39084
4037,678.2766
4038,471.84933
4039,521.8614
4040,495.79865
4041,759.0293
4042,526.084
4043,651.89954
4044,619.12476
4045,554.55786
4046,691.6435
4047,389.82156
4048,393.43033
4049,456.78912
4050,424.3782
4051,285.95047
4052,467.2765
4053,667.0549
4054,558.45856
4055,485.7122
4056,462.40118
4057,611.59204
4058,430.7811
4059,712.0455
4060,651.6583
4061,840.18414
4062,644.598
4063,641.80023
4064,817.2851
4065,633.2694
4066,520.88684
4067,526.32544
4068,596.36163
4069,559.3176
4070,523.0545
4071,482.8968
4072,417.53842
4073,557.22394
4074,653.2536
4075,663.234
4076,630.5301
4077,613.4424
4078,529.1446
4079,643.03894
4080,790.9358
4081,608.2077
4082,423.53928
4083,441.72607
4084,753.2828
4085,836.7989
4086,581.1654
4087,730.8381
4088,407.7493
4089,881.1169
4090,815.0193
4091,506.46643
4092,696.0743
4093,668.0776
4094,340.39502
4095,831.9939
4096,501.19284
4097,595.84216
4098,491.62082
4099,416.62427
4100,476.74747
4101,648.57
4102,634.6717
4103,431.8346
4104,377.4323
4105,565.67377
4106,400.90994
4107,735.72
4108,577.5927
4109,587.552
4110,642.19836
4111,541.23126
4112,557.8173
4113,452.27194
4114,593.02325
4115,582.6331
4116,569.34515
4117,493.32474
4118,344.30573
4119,427.70874
4120,445.39526
4121,696.8887
4122,611.6502
4123,375.8478
4124,411.3476
4125,557.77734
4126,796.3739
4127,906.22064
4128,503.2029
4129,499.5299
4130,640.27716
4131,489.9789
4132,904.202
4133,604.67487
4134,634.12744
4135,469.30823
4136,480.34384
4137,908.0058
4138,593.1485
4139,282.08905
4140,604.07745
4141,556.9431
4142,628.2922
4143,470.22534
4144,676.78754
4145,664.0127
4146,554.01483
4147,628.8593
4148,675.1054
4149,362.22888
4150,880.23065
4151,625.69653
4152,445.736
4153,499.76968
4154,467.35608
4155,345.8955
4156,434.2545
4157,581.51196
4158,566.13196
4159,249.8372
4160,863.34436
4161,303.11673
4162,390.46564
4163,545.8207
4164,832.96356
4165,648.1616
4166,607.7269
4167,596.572
4168,522.1544
4169,340.623
4170,416.03857
4171,580.494
4172,537.76074
4173,421.16132
4174,618.5544
4175,639.576
4176,433.34378
4177,592.73944
4178,525.06604
4179,570.3843
4180,701.7461
4181,591.51416
4182,700.92474
4183,461.95816
4184,360.6664
4185,388.1163
4186,859.24835
4187,845.02997
4188,619.0359
4189,631.6114
4190,612.9275
4191,1110.5829
4192,402.04205
4193,441.8321
4194,647.08167
4195,648.71967
4196,319.39252
4197,777.90765
4198,500.2651
4199,375.31253
4200,410.1915
4201,459.16248
4202,393.57904
4203,773.3109
4204,719.06354
4205,1034.6378
4206,537.71014
4207,839.89154
4208,690.0042
4209,400.3789
4210,583.73816
4211,701.6378
4212,597.8851
4213,750.0656
4214,359.6478
4215,481.70428
4216,561.3814
4217,513.73175
4218,733.38336
4219,533.88306
4220,454.91647
4221,739.43085
4222,697.2548
4223,673.7252
4224,323.85065
4225,645.0105
4226,843.4342
4227,418.65927
4228,690.2163
4229,753.1013
4230,481.46298
4231,235.72841
4232,682.54205
4233,597.4809
4234,548.88165
4235,629.6265
4236,581.2435
4237,467.18088
4238,367.75385
4239,535.91516
4240,541.6238
4241,563.85986
4242,243.76378
4243,888.9225
4244,418.66797
4245,528.9292
4246,853.4919
4247,528.6046
4248,588.98035
4249,379.49557
4250,436.44342
4251,617.0073
4252,422.5211
4253,521.0714
4254,553.0483
4255,339.0333
4256,300.53156
4257,584.3433
4258,454.9801
4259,673.66693
4260,454.95456
4261,460.68475
4262,648.9311
4263,777.4942
4264,786.7044
4265,726.06854
4266,298.80017
4267,464.01678
4268,268.4703
4269,1057.1946
4270,606.18427
4271,824.2046
4272,689.6624
4273,387.73724
4274,576.15515
4275,340.40576
4276,902.3394
4277,258.78265
4278,469.58902
4279,588.17834
4280,676.66583
4281,629.95355
4282,511.4712
4283,581.1216
4284,311.12708
4285,387.03903
4286,482.6184
4287,586.28424
4288,406.52896
4289,745.59033
4290,435.5273
4291,451.0151
4292,680.06525
4293,531.9789
4294,322.512
4295,343.3724
4296,658.4524
4297,653.6031
4298,405.7472
4299,543.42426
4300,584.76935
4301,412.39615
4302,705.33356
4303,525.268
4304,307.07327
4305,882.8126
4306,528.5758
4307,776.1818
4308,435.2816
4309,339.58447
4310,646.7981
4311,448.37192
4312,728.2799
4313,653.76514
4314,523.653
4315,510.52103
4316,516.01337
4317,277.34064
4318,918.08276
4319,612.2217
4320,509.524
4321,736.55505
4322,349.23502
4323,753.09467
4324,616.17
4325,442.5817
4326,794.6157
4327,521.73486
4328,511.78445
4329,760.238
4330,612.0286
4331,458.89462
4332,336.26004
4333,420.9042
4334,902.835
4335,401.26483
4336,344.07132
4337,950.96576
4338,690.22845
4339,730.7911
4340,727.69037
4341,405.12918
4342,697.4564
4343,499.6351
4344,236.48026
4345,385.11774
4346,458.08792
4347,462.40964
4348,746.3354
4349,410.89374
4350,354.8717
4351,293.97604
4352,727.6848
4353,774.28394
4354,579.2602
4355,812.73517
4356,478.33838
4357,474.2197
4358,777.95483
4359,546.58307
4360,512.7923
4361,387.75244
4362,670.7953
4363,345.59277
4364,711.8234
4365,598.64575
4366,440.90155
4367,620.69836
4368,552.79456
4369,288.6619
4370,419.48462
4371,709.44916
4372,399.10324
4373,516.2662
4374,480.8024
4375,567.6024
4376,899.08276
4377,637.05194
4378,446.64722
4379,508.69937
4380,537.4836
4381,933.4846
4382,592.6771
4383,392.73306
4384,363.4358
4385,730.68054
4386,540.9268
4387,855.75696
4388,836.04083
4389,475.8767
4390,389.9524
4391,905.67566
4392,514.0019
4393,458.841
4394,580.191
4395,678.5451
4396,692.20874
4397,432.9294
4398,552.15106
4399,447.69348
4400,566.31805
4401,386.0114
4402,408.4895
4403,639.80054
4404,521.8717
4405,801.52515
4406,574.3632
4407,593.53687
4408,576.9709
4409,467.99942
4410,351.4405
4411,361.95486
4412,445.75534
4413,385.72498
4414,408.61142
4415,398.4291
4416,321.93506
4417,455.08356
4418,504.8873
4419,816.2195
4420,644.4229
4421,333.66156
4422,633.032
4423,455.54755
4424,513.8115
4425,482.27335
4426,562.07196
4427,341.37653
4428,517.68677
4429,562.7129
4430,567.0073
4431,358.7088
4432,487.55136
4433,747.02747
4434,484.38348
4435,338.23227
4436,628.3629
4437,569.9633
4438,522.626
4439,411.40857
4440,449.35272
4441,755.14825
4442,658.77997
4443,640.9464
4444,774.4063
4445,609.3821
4446,596.4302
4447,541.5675
4448,398.9195
4449,522.01733
4450,662.1001
4451,669.51337
4452,704.8846
4453,720.64075
4454,668.0158
4455,593.2613
4456,637.17255
4457,659.26355
4458,490.16656
4459,562.8786
4460,1065.5011
4461,684.84357
4462,427.51706
4463,978.96234
4464,287.12033
4465,549.9426
4466,553.3966
4467,538.54956
4468,783.4027
4469,401.57562
4470,654.0905
4471,710.1627
4472,608.7195
4473,729.2543
4474,459.81436
4475,455.2981
4476,607.4003
4477,306.22647
4478,548.7481
4479,299.0569
4480,493.5983
4481,497.31964
4482,387.01672
4483,343.33078
4484,582.6241
4485,325.8296
4486,428.35284
4487,592.73553
4488,412.61703
4489,449.38028
4490,477.21616
4491,678.7906
4492,770.85175
4493,587.6452
4494,521.1424
4495,422.79037
4496,457.2934
4497,486.1657
4498,410.24356
4499,455.2788
4500,822.08246
4501,574.5028
4502,506.17273
4503,330.092
4504,681.4087
4505,523.8949
4506,475.81555
4507,553.27454
4508,275.90494
4509,418.6495
4510,472.7116
4511,545.7128
4512,740.7833
4513,536.3609
4514,320.5473
4515,576.0904
4516,510.06747
4517,564.79236
4518,338.99335
4519,940.80676
4520,838.32666
4521,708.4033
4522,592.987
4523,475.09396
4524,690.171
4525,502.98776
4526,637.0035
4527,582.5541
4528,700.1819
4529,367.20007
4530,564.09924
4531,703.5537
4532,593.9021
4533,839.4753
4534,1115.8813
4535,677.49927
4536,559.1702
4537,591.01526
4538,550.4087
4539,733.91516
4540,403.79095
4541,641.9638
4542,336.0733
4543,730.6793
4544,561.0255
4545,570.45496
4546,486.78214
4547,1058.4723
4548,512.7514
4549,388.82523
4550,522.7507
4551,393.75815
4552,318.8049
4553,320.26605
4554,589.8913
4555,657.8957
4556,592.2497
4557,651.654
4558,481.9529
4559,591.2313
4560,502.34644
4561,668.0923
4562,405.1613
4563,376.45334
4564,657.75397
4565,613.72046
4566,399.89694
4567,510.41525
4568,355.727
4569,905.90265
4570,333.9682
4571,538.9025
4572,749.52704
4573,576.91547
4574,670.9313
4575,523.2731
4576,880.192
4577,612.06036
4578,607.9161
4579,690.5903
4580,377.76385
4581,592.2851
4582,648.2523
4583,459.24802
4584,461.42862
4585,406.92426
4586,243.0909
4587,291.0514
4588,703.6523
4589,526.53
4590,676.0842
4591,645.9849
4592,347.27832
4593,572.0534
4594,323.37402
4595,612.2425
4596,804.1949
4597,522.20935
4598,621.7395
4599,631.7594
4600,377.38174
4601,326.56735
4602,728.89496
4603,470.00974
4604,664.3821
4605,396.1505
4606,504.88596
4607,370.85376
4608,441.5836
4609,559.8291
4610,366.6202
4611,390.80426
4612,555.4678
4613,591.91907
4614,664.2022
4615,327.17487
4616,715.8187
4617,265.60095
4618,529.2617
4619,669.78613
4620,451.54648
4621,615.93567
4622,891.57526
4623,745.2569
4624,543.7788
4625,663.8116
4626,831.4031
4627,350.6406
4628,432.95587
4629,279.77954
4630,501.95804
4631,375.72223
4632,740.38446
4633,659.3439
4634,712.8817
4635,333.76794
4636,481.15985
4637,929.50586
4638,660.94183
4639,706.0263
4640,434.7023
4641,473.28793
4642,702.69446
4643,394.7
4644,425.63687
4645,906.2552
4646,710.19666
4647,779.0988
4648,753.1811
4649,508.1798
4650,1177.1835
4651,580.0831
4652,599.3217
4653,594.45013
4654,585.01263
4655,735.2097
4656,627.604
4657,673.6664
4658,685.1937
4659,279.65964
4660,471.00528
4661,577.63855
4662,471.31702
4663,746.13196
4664,773.20874
4665,581.52423
4666,571.03485
4667,362.65463
4668,681.4645
4669,613.5437
4670,530.8719
4671,663.4285
4672,551.5245
4673,596.50604
4674,728.78644
4675,462.3487
4676,409.14334
4677,421.7377
4678,537.3079
4679,276.2082
4680,657.84106
4681,302.4129
4682,749.3146
4683,565.2251
4684,669.0808
4685,429.64716
4686,681.37915
4687,271.22787
4688,721.0184
4689,717.9176
4690,721.56067
4691,488.53738
4692,688.2734
4693,839.9151
4694,352.91763
4695,824.0544
4696,494.1593
4697,531.91724
4698,417.2782
4699,424.99478
4700,406.66495
4701,623.92786
4702,454.7045
4703,418.68365
4704,436.67398
4705,660.5337
4706,605.54456
4707,318.66098
4708,537.07965
4709,493.38538
4710,672.36414
4711,593.88727
4712,594.14014
4713,848.4505
4714,436.1945
4715,528.1474
4716,822.4225
4717,616.9461
4718,615.7227
4719,498.29797
4720,470.98883
4721,576.98517
4722,713.7917
4723,619.37537
4724,663.34674
4725,484.8639
4726,679.85376
4727,473.79678
4728,751.8751
4729,639.13586
4730,437.9361
4731,505.33255
4732,634.5264
4733,437.62222
4734,702.52844
4735,473.01575
4736,545.1574
4737,541.9857
4738,712.0247
4739,710.7798
4740,591.0813
4741,730.83685
4742,397.63953
4743,755.12964
4744,683.554
4745,632.4611
4746,417.18747
4747,566.3085
4748,540.1007
4749,435.88348
4750,383.56204
4751,656.8614
4752,670.4932
4753,455.455
4754,540.4304
4755,697.1644
4756,704.5011
4757,537.3966
4758,434.43185
4759,484.51053
4760,416.1533
4761,445.13425
4762,304.1688
4763,682.0519
4764,407.66245
4765,670.70575
4766,272.2255
4767,485.26892
4768,845.3885
4769,651.1874
4770,564.83093
4771,606.0574
4772,695.1304
4773,559.81195
4774,659.0222
4775,660.9346
4776,488.09637
4777,899.11346
4778,513.4583
4779,332.53464
4780,670.14746
4781,489.1772
4782,416.97592
4783,757.74805
4784,425.6063
4785,795.53546
4786,358.9304
4787,511.8557
4788,804.1495
4789,464.75027
4790,427.47952
4791,687.6174
4792,394.31564
4793,515.5206
4794,446.3494
4795,541.1156
4796,350.35898
4797,576.3046
4798,604.09564
4799,480.94748
4800,580.6853
4801,435.04086
4802,651.95105
4803,708.8006
4804,700.36707
4805,467.3736
4806,737.0167
4807,627.25995
4808,590.81903
4809,490.2099
4810,469.90665
4811,653.59607
4812,511.0388
4813,852.88715
4814,745.81146
4815,529.573
4816,615.32684
4817,509.86182
4818,831.67017
4819,538.6636
4820,373.72568
4821,721.67377
4822,686.4159
4823,267.29498
4824,362.74698
4825,510.2379
4826,664.4201
4827,400.83502
4828,339.86328
4829,784.8243
4830,370.02692
4831,698.95197
4832,640.45984
4833,315.96457
4834,684.814
4835,540.70514
4836,616.5054
4837,719.9496
4838,589.9547
4839,479.8534
4840,524.07587
4841,765.63104
4842,533.6551
4843,648.4753
4844,552.5703
4845,538.64343
4846,292.5291
4847,444.79077
4848,549.3353
4849,678.45734
4850,622.4985
4851,479.94604
4852,499.92416
4853,872.61725
4854,382.603
4855,903.51776
4856,634.16736
4857,523.8232
4858,478.40714
4859,526.951
4860,687.4781
4861,548.7765
4862,784.4118
4863,993.5675
4864,396.76434
4865,667.7453
4866,939.3246
4867,541.0673
4868,501.89844
4869,487.28015
4870,589.2115
4871,599.1786
4872,405.67645
4873,747.5085
4874,777.59436
4875,901.51044
4876,458.3226
4877,706.19745
4878,485.54135
4879,472.63885
4880,421.47437
4881,624.5331
4882,623.63464
4883,418.59485
4884,369.24344
4885,748.461
4886,807.9469
4887,578.2112
4888,727.67
4889,601.7365
4890,339.7174
4891,814.2092
4892,330.3657
4893,527.7023
4894,477.08658
4895,469.29587
4896,798.94
4897,730.3168
4898,374.90768
4899,535.85864
4900,690.5886
4901,367.54193
4902,546.69086
4903,1023.31635
4904,645.13245
4905,339.3799
4906,597.0309
4907,741.12177
4908,473.57233
4909,619.21204
4910,562.33746
4911,597.4199
4912,545.07904
4913,727.60596
4914,557.72266
4915,473.2642
4916,787.00684
4917,590.0415
4918,372.72702
4919,488.76004
4920,506.79813
4921,641.92444
4922,536.2729
4923,620.3936
4924,1053.5956
4925,625.4928
4926,727.4285
4927,447.10248
4928,739.63
4929,886.4603
4930,415.27222
4931,385.02966
4932,544.1431
4933,635.47253
4934,418.7274
4935,440.4596
4936,582.3524
4937,597.6514
4938,401.99918
4939,573.14325
4940,244.48067
4941,644.03925
4942,514.18115
4943,477.6503
4944,681.29175
4945,415.3278
4946,566.6117
4947,278.9431
4948,669.7732
4949,661.4562
4950,627.53064
4951,597.30084
4952,713.2568
4953,552.94653
4954,526.2878
4955,601.58545
4956,531.38354
4957,755.9718
4958,705.5302
4959,651.4704
4960,464.86203
4961,353.0117
4962,454.2635
4963,347.2731
4964,683.70154
4965,966.77783
4966,394.7336
4967,758.6062
4968,579.5516
4969,960.343
4970,1037.072
4971,474.88092
4972,567.7368
4973,555.30707
4974,374.24033
4975,411.35046
4976,445.476
4977,671.23444
4978,660.1343
4979,461.27118
4980,733.4882
4981,814.8295
4982,661.868
4983,291.36118
4984,679.54224
4985,663.0293
4986,513.4886
4987,725.7496
4988,723.45197
4989,590.5969
4990,458.6102
4991,499.25824
4992,551.18634
4993,486.74472
4994,522.8436
4995,763.62146
4996,540.5765
4997,341.1738
4998,737.4764
4999,550.3814
